<?xml version="1.0" encoding="UTF-8"?>
<data>
    <AU_GROUPS>
        <AU_PROJECTOWNER><![CDATA[null]]></AU_PROJECTOWNER>
        <AU_PERMISSIONMASK><![CDATA[777]]></AU_PERMISSIONMASK>
        <AU_DESCRIPTION><![CDATA[This group contains DI Solution.]]></AU_DESCRIPTION>
        <AU_GROUPOWNER><![CDATA[IndigoGroup:127000000001107055548721600002]]></AU_GROUPOWNER>
        <AU_COMMENT><![CDATA[]]></AU_COMMENT>
        <AU_CREATIONDATE><![CDATA[2011-03-16 17:35:52.0]]></AU_CREATIONDATE>
        <AU_GROUPINFO><![CDATA[bp0C3kYBo6Eiv9cyJ9WjZt3WgmlYJA6weB9eiRJKhbBukYFq4fexJOYH8xePcIG4]]></AU_GROUPINFO>
        <AU_PREVIOUSVERSION><![CDATA[]]></AU_PREVIOUSVERSION>
        <AU_ID><![CDATA[192168001205130027715287200007]]></AU_ID>
        <AU_SYNCHRONIZED><![CDATA[true]]></AU_SYNCHRONIZED>
        <AU_MODIFIEDBY><![CDATA[IndigoUser:127000000001107055536473900001]]></AU_MODIFIEDBY>
        <AU_TITLE><![CDATA[]]></AU_TITLE>
        <AU_REVISION><![CDATA[100]]></AU_REVISION>
        <AU_ENTITYNAME><![CDATA[DataInterface]]></AU_ENTITYNAME>
        <AU_COMMENTS><![CDATA[null]]></AU_COMMENTS>
        <AU_ACTIVEVERSION><![CDATA[true]]></AU_ACTIVEVERSION>
        <AU_USEROWNER><![CDATA[IndigoUser:127000000001107055536473900001]]></AU_USEROWNER>
        <AU_WEBDAVFOLDER><![CDATA[s]]></AU_WEBDAVFOLDER>
        <AU_MODIFIEDDATE><![CDATA[2011-03-16 17:35:52.0]]></AU_MODIFIEDDATE>
        <AU_VERSION><![CDATA[1]]></AU_VERSION>
    </AU_GROUPS>
    <columnInfo dbtype="1">
        <column name="AU_ID" type="12"/>
        <column name="AU_VERSION" type="12"/>
        <column name="AU_PREVIOUSVERSION" type="12"/>
        <column name="AU_ACTIVEVERSION" type="-7"/>
        <column name="AU_ENTITYNAME" type="12"/>
        <column name="AU_USEROWNER" type="12"/>
        <column name="AU_GROUPOWNER" type="12"/>
        <column name="AU_PERMISSIONMASK" type="12"/>
        <column name="AU_DESCRIPTION" type="12"/>
        <column name="AU_COMMENTS" type="12"/>
        <column name="AU_MODIFIEDBY" type="12"/>
        <column name="AU_CREATIONDATE" type="93"/>
        <column name="AU_MODIFIEDDATE" type="93"/>
        <column name="AU_REVISION" type="12"/>
        <column name="AU_SYNCHRONIZED" type="-7"/>
        <column name="AU_PROJECTOWNER" type="12"/>
        <column name="AU_TITLE" type="12"/>
        <column name="AU_COMMENT" type="12"/>
        <column name="AU_WEBDAVFOLDER" type="12"/>
        <column name="AU_GROUPINFO" type="12"/>
    </columnInfo>
</data>
