<?xml version="1.0" encoding="UTF-8"?>
<data>
    <AU_USERS>
        <AU_ENTITYNAME><![CDATA[diuser]]></AU_ENTITYNAME>
        <AU_COMMENT><![CDATA[]]></AU_COMMENT>
        <AU_LASTLOGIN><![CDATA[1505127848358]]></AU_LASTLOGIN>
        <AU_GROUPOWNER><![CDATA[IndigoGroup:127000000001107055548721600002]]></AU_GROUPOWNER>
        <AU_CITY><![CDATA[]]></AU_CITY>
        <AU_MANAGER><![CDATA[]]></AU_MANAGER>
        <AU_CERTIFICATESTATUS><![CDATA[false]]></AU_CERTIFICATESTATUS>
        <AU_CALENDAR><![CDATA[]]></AU_CALENDAR>
        <AU_KEYSTOREPASSWORD><![CDATA[]]></AU_KEYSTOREPASSWORD>
        <AU_LASTPASSWORDCHANGED><![CDATA[2011-03-25 11:09:53.0]]></AU_LASTPASSWORDCHANGED>
        <AU_COLLEAGUE><![CDATA[]]></AU_COLLEAGUE>
        <AU_SYNCHRONIZED><![CDATA[false]]></AU_SYNCHRONIZED>
        <AU_WEBDAVFOLDER><![CDATA[abc]]></AU_WEBDAVFOLDER>
        <AU_STATE><![CDATA[]]></AU_STATE>
        <AU_USEROWNER><![CDATA[IndigoUser:127000000001107055536473900001]]></AU_USEROWNER>
        <AU_ID><![CDATA[192168001205130027722316300009]]></AU_ID>
        <AU_LASTNAME><![CDATA[diuser]]></AU_LASTNAME>
        <AU_PRIVATEKEYPASSWORD><![CDATA[]]></AU_PRIVATEKEYPASSWORD>
        <AU_VERSION><![CDATA[1]]></AU_VERSION>
        <AU_VIEWLEVEL><![CDATA[null]]></AU_VIEWLEVEL>
        <AU_ORGURL><![CDATA[]]></AU_ORGURL>
        <AU_COUNTRY><![CDATA[]]></AU_COUNTRY>
        <AU_FAX><![CDATA[]]></AU_FAX>
        <AU_UNIQUEIDENTIFIER><![CDATA[null]]></AU_UNIQUEIDENTIFIER>
        <AU_EMAIL><![CDATA[di@testing.com]]></AU_EMAIL>
        <AU_PRIMARYGROUP><![CDATA[IndigoGroup:192168001205130027715287200007]]></AU_PRIMARYGROUP>
        <AU_TITLE><![CDATA[]]></AU_TITLE>
        <AU_PERMISSIONMASK><![CDATA[777]]></AU_PERMISSIONMASK>
        <AU_PASSWORD><![CDATA[FTAi2rgMkUynuvpqpy5EqQ==]]></AU_PASSWORD>
        <AU_USERPERMISSION><![CDATA[7]]></AU_USERPERMISSION>
        <AU_ACTIVATEFLAG><![CDATA[Activated]]></AU_ACTIVATEFLAG>
        <AU_COMMENTS><![CDATA[null]]></AU_COMMENTS>
        <AU_PHONE><![CDATA[]]></AU_PHONE>
        <AU_ACTIVEVERSION><![CDATA[true]]></AU_ACTIVEVERSION>
        <AU_MOBILE><![CDATA[]]></AU_MOBILE>
        <AU_REVISION><![CDATA[null]]></AU_REVISION>
        <AU_ZIP><![CDATA[]]></AU_ZIP>
        <AU_PROJECTOWNER><![CDATA[null]]></AU_PROJECTOWNER>
        <AU_ADDRESS1><![CDATA[]]></AU_ADDRESS1>
        <AU_PREVIOUSVERSION><![CDATA[]]></AU_PREVIOUSVERSION>
        <AU_ORGNAME><![CDATA[]]></AU_ORGNAME>
        <AU_CREATIONDATE><![CDATA[2011-03-16 17:37:03.0]]></AU_CREATIONDATE>
        <AU_USERTYPE><![CDATA[developer]]></AU_USERTYPE>
        <AU_SENDEMAIL><![CDATA[false]]></AU_SENDEMAIL>
        <AU_ADDRESS2><![CDATA[]]></AU_ADDRESS2>
        <AU_DESCRIPTION><![CDATA[diuser]]></AU_DESCRIPTION>
        <AU_MODIFIEDDATE><![CDATA[2011-03-25 11:09:53.0]]></AU_MODIFIEDDATE>
        <AU_MODIFIEDBY><![CDATA[IndigoUser:192168001205130027722316300009]]></AU_MODIFIEDBY>
        <AU_FIRSTNAME><![CDATA[diuser]]></AU_FIRSTNAME>
    </AU_USERS>
    <columnInfo dbtype="1">
        <column name="AU_ID" type="12"/>
        <column name="AU_VERSION" type="12"/>
        <column name="AU_PREVIOUSVERSION" type="12"/>
        <column name="AU_ACTIVEVERSION" type="-7"/>
        <column name="AU_ENTITYNAME" type="12"/>
        <column name="AU_USEROWNER" type="12"/>
        <column name="AU_GROUPOWNER" type="12"/>
        <column name="AU_PERMISSIONMASK" type="12"/>
        <column name="AU_DESCRIPTION" type="12"/>
        <column name="AU_COMMENTS" type="12"/>
        <column name="AU_MODIFIEDBY" type="12"/>
        <column name="AU_CREATIONDATE" type="93"/>
        <column name="AU_MODIFIEDDATE" type="93"/>
        <column name="AU_REVISION" type="12"/>
        <column name="AU_SYNCHRONIZED" type="-7"/>
        <column name="AU_PROJECTOWNER" type="12"/>
        <column name="AU_USERTYPE" type="12"/>
        <column name="AU_PRIMARYGROUP" type="12"/>
        <column name="AU_FIRSTNAME" type="12"/>
        <column name="AU_LASTNAME" type="12"/>
        <column name="AU_TITLE" type="12"/>
        <column name="AU_COMMENT" type="12"/>
        <column name="AU_ORGNAME" type="12"/>
        <column name="AU_ADDRESS1" type="12"/>
        <column name="AU_ADDRESS2" type="12"/>
        <column name="AU_CITY" type="12"/>
        <column name="AU_STATE" type="12"/>
        <column name="AU_COUNTRY" type="12"/>
        <column name="AU_ORGURL" type="12"/>
        <column name="AU_EMAIL" type="12"/>
        <column name="AU_MOBILE" type="12"/>
        <column name="AU_PHONE" type="12"/>
        <column name="AU_FAX" type="12"/>
        <column name="AU_PASSWORD" type="12"/>
        <column name="AU_ZIP" type="12"/>
        <column name="AU_USERPERMISSION" type="12"/>
        <column name="AU_ACTIVATEFLAG" type="12"/>
        <column name="AU_KEYSTOREPASSWORD" type="12"/>
        <column name="AU_PRIVATEKEYPASSWORD" type="12"/>
        <column name="AU_CERTIFICATESTATUS" type="12"/>
        <column name="AU_COLLEAGUE" type="12"/>
        <column name="AU_MANAGER" type="12"/>
        <column name="AU_CALENDAR" type="12"/>
        <column name="AU_VIEWLEVEL" type="12"/>
        <column name="AU_LASTPASSWORDCHANGED" type="93"/>
        <column name="AU_WEBDAVFOLDER" type="12"/>
        <column name="AU_LASTLOGIN" type="12"/>
        <column name="AU_SENDEMAIL" type="-7"/>
        <column name="AU_UNIQUEIDENTIFIER" type="12"/>
    </columnInfo>
</data>
