<data>
    <AU_CDATA_APP_INFO>
        <AU_CREATIONDATE><![CDATA[2020-10-14 21:24:34]]></AU_CREATIONDATE>
        <AU_PREVIOUSVERSION/>
        <AU_ACTIVEVERSION><![CDATA[true]]></AU_ACTIVEVERSION>
        <AU_DESCRIPTION><![CDATA[This Database driver is for Mongo DB.]]></AU_DESCRIPTION>
        <AU_MODIFIEDDATE><![CDATA[2020-10-14 21:24:34]]></AU_MODIFIEDDATE>
        <AU_PROJECTOWNER><![CDATA[Default]]></AU_PROJECTOWNER>
        <AU_GROUPOWNER><![CDATA[IndigoGroup:192168001205130027715287200007]]></AU_GROUPOWNER>
        <AU_COMMENTS><![CDATA[null]]></AU_COMMENTS>
        <au_driverClassName><![CDATA[cdata.jdbc.mongodb.MongoDBDriver]]></au_driverClassName>
		<au_connectionClassName><![CDATA[cdata.jdbc.mongodb.MongoDBConnection]]></au_connectionClassName>
		<au_appKey><![CDATA[3fMvSvGwHiXb/3+4UMnkNQU5AnMWLXDe5oiwLt06sdUU8kRqDBMlpkhKvCerPijmBWbLOgJK73Ca4V/dtV9Dw9uIemfdmDJUR20TI0TKpZLgUBjBSHPpUba41JueRrRDMiRcBvs3Xl5mSKcOsggdDQCPDxdN9MMWbN66+xaMfKtZwbqodB83gSfZXheE1+Wn]]></au_appKey>
        <au_defaultUrl><![CDATA[jdbc:mongodb:Server=127.0.0.1;Port=27017;Database=test;User=test;Password=test;]]></au_defaultUrl>
		<AU_REVISION><![CDATA[null]]></AU_REVISION>
        <AU_USEROWNER><![CDATA[IndigoUser:192168001205130027722316300009]]></AU_USEROWNER>
        <AU_MODIFIEDBY><![CDATA[IndigoUser:192168001205130027722316300009]]></AU_MODIFIEDBY>
        <AU_PERMISSIONMASK><![CDATA[777]]></AU_PERMISSIONMASK>
        <AU_SYNCHRONIZED><![CDATA[false]]></AU_SYNCHRONIZED>
        <AU_ID><![CDATA[192168001009160269087435500001]]></AU_ID>
        <AU_ENTITYNAME><![CDATA[MongoDB]]></AU_ENTITYNAME>
        <AU_VERSION><![CDATA[1]]></AU_VERSION>
    </AU_CDATA_APP_INFO>
    <columnInfo dbtype="1">
        <column name="AU_ID" type="12"/>
        <column name="AU_VERSION" type="12"/>
        <column name="AU_PREVIOUSVERSION" type="12"/>
        <column name="AU_ACTIVEVERSION" type="-7"/>
        <column name="AU_ENTITYNAME" type="12"/>
        <column name="AU_USEROWNER" type="12"/>
        <column name="AU_GROUPOWNER" type="12"/>
        <column name="AU_PERMISSIONMASK" type="12"/>
        <column name="AU_DESCRIPTION" type="12"/>
        <column name="AU_COMMENTS" type="12"/>
        <column name="AU_MODIFIEDBY" type="12"/>
        <column name="AU_CREATIONDATE" type="93"/>
        <column name="AU_MODIFIEDDATE" type="93"/>
        <column name="AU_REVISION" type="12"/>
        <column name="AU_SYNCHRONIZED" type="-7"/>
        <column name="AU_PROJECTOWNER" type="12"/>
        <column name="au_appKey" type="-1"/>
		<column name="au_driverClassName" type="12"/>
        <column name="au_connectionClassName" type="12"/>
		<column name="au_defaultUrl" type="12"/>
    </columnInfo>
</data>